{
	"main":[
		{
			"type":"block",
			"entries":[
				{
					"id":"test_custom_has_block",
					"unItem":"minecraft:sugar"
				},
				{ // 如果为这种写法，则均使用默认的配置
					"id":"test_custom_normal_block",
					"unItem":"minecraft:diamond_ore",
					// 注意，某些物品是获取不到的，有哪些物品的话，只能慢慢测了
					// 而原版的物品的话，是都可以获取的到的
					// 获取不到的物品会在加载完游戏后生成crash，请注意看crash
				//	"unItem":"projecte:fuel_block",
					
					"tab":"tools",// 暂时没用
					"enableDefaultRecipe":false,
//					"canUseWrenchBreak":true,
					"canUseWrenchBreak":{
						"0":true,
						"10":true,
						"2":false
					},
					"hardness": {
						"-1": 8,// -1为设置全部的meta为统一硬度，可被后续覆写
						"0": 5,
						"1": 60
					},
					"harvest":{
						"0":2,
						"1":3
					},
					//"harvest": {
					//	"pickaxe":8 // 如果是这种，则代表全部meta使用pickaxe为工具
									 // 8为采掘等级
					//	"pickaxe":{ //项的名字对应哪种工具
					//		"-1": 3,// -1为设置全部的meta为统一挖掘等级，可被后续覆写
					//		"0": 1, // 
					//		"1": 2
					//	},
					//	"axe":{
					//		"4": 2,
					//		"3": 1
					//	}
					//},
					//"infoStack":{
						//"0":"avaritia:resource@1@6",
						//"2":"avaritia:resource@1@7"
					//},
					"infoStack":"avaritia:resource@1@6",
					"infos":{
						"0":[
							"这是meta 0的注释哦",
							"这是第二行",
							"这是第三行",
							"这是第...行"
						],
						"5":[
							"\u00a7a这是meta 5的注释哦",
							"这是第二行",
							"这是第三行",
							"这是第...行"
						]
					},
//					"infos":[
//						"这是一个自定义方块哦",
//						"这是第二行",
//						"这是第三行",
//						"这是第...行"
//					],
					"shiftInfos":{
						"0":[
							"这是meta 0的Shift注释哦",
							"这是第二行",
							"这是第三行",
							"这是第...行"
						],
						"5":[
							"\u00a7a这是meta 5的\u00a7cShift\u00a7a注释哦",
							"这是第二行",
							"这是第三行",
							"这是第...行"
						]
					},
//					"shiftInfos":[
//						"这是一个自定义方块哦",
//						"这是第二行",
//						"这是第三行",
//						"这是第...行"
//					],
					"isBeaconBase": {
						"0": true
					},
					"lightValue":{
						"0": 12,
						"5": 5
					},
					"explosionResistance":{ 
						"0": 5,
						"10": 999999
					}
				}
			]
		},
		{
			"type":"item:normal",
			"entries":[
				{
					"id":"custom_item_normal",
					"unItem":"minecraft:dye@1@7",
					"enableDefaultRecipe":true,
					
					//"hasEffect":true,
					"hasEffect":{
						"0":true,
						"1":true,
						"10":true
					},
					"infoStack":"avaritia:resource@1@6",
					"infos":{
						"0":[
							"这是meta 0的注释哦",
							"这是第二行",
							"这是第三行",
							"这是第...行"
						],
						"5":[
							"这是meta 5的注释哦",
							"这是第二行",
							"这是第三行",
							"这是第...行"
						]
					},
					"shiftInfos":{
						"0":[
							"\u00a7a这是meta 0的Shift注释哦",
							"这是第二行",
							"这是第三行",
							"这是第...行"
						],
						"5":[
							"§a这是meta 5的§cShift§a注释哦",
							"这是第二行",
							"这是第三行",
							"这是第...行"
						]
					}
//					"shiftInfos":[
//						"这是一个自定义方块哦",
//						"这是第二行",
//						"这是第三行",
//						"这是第...行"
//					]
				}
			]
		},
		{
			"type":"item:food",
			"entries":[
				{
					"id":"custom_item_food",
					"unItem":"minecraft:dye@1@3",
					
					//如果未压缩物品不是食物
					//healAmount,saturation,isWolfFood必须出现并进行初始化操作
					//分别代表：饱食度，饱和度，是否是狼的食物
					"healAmount": 3,
					"saturation": 4.09,
					"isWolfFood": false,
					
					//是否有附魔效果
					//"hasEffect":true,
					"hasEffect":{
						"0":false,
						"-1":true,
						"1":false,
						"6":true
					},
					
					//吃掉后给予的容器,须开启config配置项
					//"result":"minecraft:glass_bottle",
					"result": {
						"0": "minecraft:glass_bottle",
						"-1": "minecraft:stone",
						"8": "minecraft:feather"
					},
					
					//吃掉后给予的药水效果
					//格式：<药水id>@<等级>@<分>@<秒>@<tick>
					//"potionEffect":"minecraft:speed@1@0@100@0",
					//"potionEffect":[
						//id@等级@分@秒@tick
						//"minecraft:speed@1@0@100@0",
						//"minecraft:jump_boost@2@0@100@0",
						//"minecraft:fire_resistance@3@0@100@0"
					//],
					"potionEffect":{
						"0":[
							//id@等级@分@秒@tick
							"minecraft:speed@1@0@100@0",
							"minecraft:jump_boost@1@0@100@0",
							"minecraft:fire_resistance@1@0@100@0"
						],
						"-1":[
							//id@等级@分@秒@tick
							"minecraft:speed@20@0@100@0",
							"minecraft:jump_boost@1@0@100@0",
							"minecraft:fire_resistance@1@0@100@0"
						],
						"8":[
							//id@等级@分@秒@tick
							"minecraft:jump_boost@1@0@100@0",
							"minecraft:fire_resistance@1@0@100@0"
						]
					},
					
					//另外的饱食度添加，支持meta
					//"subHealAmount":13,
					"subHealAmount":{
						"0":30,
						"-1":15,
						"8":60
					},
					
					//另外的饱和度添加，支持meta
					//"subSaturation":13,
					"subSaturation":{
						"0":20,
						"-1":10,
						"8":70.005
					},
					
					//以下与压缩方块设定一致
					"enableDefaultRecipe":true,
					"infoStack":"avaritia:resource@1@6",
					"infos":{
						"0":[
							"这是meta 0的注释哦",
							"这是第二行",
							"这是第三行",
							"这是第...行"
						],
						"-1":[
							"这是全覆盖的注释哦",
							"这是第二行",
							"这是第三行",
							"这是第...行"
						],
						"5":[
							"\u00a7a这是meta 5的注释哦",
							"这是第二行",
							"这是第三行",
							"这是第...行"
						]
					},
					"shiftInfos":{
						"0":[
							"这是meta 0的Shift注释哦",
							"这是第二行",
							"这是第三行",
							"这是第...行"
						],
						"5":[
							"\u00a7a这是meta 5的\u00a7cShift\u00a7a注释哦",
							"这是第二行",
							"这是第三行",
							"这是第...行"
						]
					}
//					"shiftInfos":[
//						"这是一个自定义方块哦",
//						"这是第二行",
//						"这是第三行",
//						"这是第...行"
//					],
				}
			]
		}
	]
}
